[{"fields": {"model": "logentry", "name": "log entry", "app_label": "admin"}, "model": "contenttypes.contenttype", "pk": 1}, {"fields": {"model": "permission", "name": "permission", "app_label": "auth"}, "model": "contenttypes.contenttype", "pk": 2}, {"fields": {"model": "group", "name": "group", "app_label": "auth"}, "model": "contenttypes.contenttype", "pk": 3}, {"fields": {"model": "user", "name": "user", "app_label": "auth"}, "model": "contenttypes.contenttype", "pk": 4}, {"fields": {"model": "contenttype", "name": "content type", "app_label": "contenttypes"}, "model": "contenttypes.contenttype", "pk": 5}, {"fields": {"model": "session", "name": "session", "app_label": "sessions"}, "model": "contenttypes.contenttype", "pk": 6}, {"fields": {"model": "category", "name": "Cat\u00e9gorie", "app_label": "main"}, "model": "contenttypes.contenttype", "pk": 7}, {"fields": {"model": "supplier", "name": "Fournisseur", "app_label": "main"}, "model": "contenttypes.contenttype", "pk": 8}, {"fields": {"model": "item", "name": "produit", "app_label": "main"}, "model": "contenttypes.contenttype", "pk": 9}, {"fields": {"model": "order", "name": "Validation des commande", "app_label": "main"}, "model": "contenttypes.contenttype", "pk": 10}, {"fields": {"model": "orderitems", "name": "Commande de produit", "app_label": "main"}, "model": "contenttypes.contenttype", "pk": 11}, {"fields": {"model": "order", "name": "Validation des commande", "app_label": "gestion_commandes"}, "model": "contenttypes.contenttype", "pk": 12}, {"fields": {"model": "orderitems", "name": "Commande de produit", "app_label": "gestion_commandes"}, "model": "contenttypes.contenttype", "pk": 13}, {"fields": {"model": "category", "name": "Cat\u00e9gorie", "app_label": "gestion_produits"}, "model": "contenttypes.contenttype", "pk": 14}, {"fields": {"model": "supplier", "name": "Fournisseur", "app_label": "gestion_produits"}, "model": "contenttypes.contenttype", "pk": 15}, {"fields": {"model": "item", "name": "produit", "app_label": "gestion_produits"}, "model": "contenttypes.contenttype", "pk": 16}, {"fields": {"expire_date": "2014-05-14T14:52:31.707Z", "session_data": "MjgyYmJjYjQ1ODI1YzdhODQxNWZmZWQ4YmFhODQzMjkwYTkzYWM4Nzp7Il9hdXRoX3VzZXJfaGFzaCI6IjE4MTU5OGU4N2UzMmY2YThhYTYyZTFhNGQ3YTY4MjI3ZmQyNzE4NjkiLCJfYXV0aF91c2VyX2JhY2tlbmQiOiJkamFuZ28uY29udHJpYi5hdXRoLmJhY2tlbmRzLk1vZGVsQmFja2VuZCIsIl9hdXRoX3VzZXJfaWQiOjF9"}, "model": "sessions.session", "pk": "a7krqatpnhg8zm38obob0xuryfjnn8ta"}, {"fields": {"expire_date": "2014-06-17T10:14:37.894Z", "session_data": "MmVlYmE3NDkxZDkwMmY1NDhlMTFjOTkxYWQxN2RmNDAzMTBkYjRhODp7Il9hdXRoX3VzZXJfaGFzaCI6ImNmNTU4OWRkNDE3ZTJhNmZmZWFlMTU3YTZhMzdhM2E1ZGU5MjY5MzEiLCJfYXV0aF91c2VyX2JhY2tlbmQiOiJkamFuZ28uY29udHJpYi5hdXRoLmJhY2tlbmRzLk1vZGVsQmFja2VuZCIsIl9hdXRoX3VzZXJfaWQiOjN9"}, "model": "sessions.session", "pk": "ie1eqkm32xqmzlhmgmhk0dlg9obk0j1m"}, {"fields": {"expire_date": "2014-06-17T10:15:48.704Z", "session_data": "ZGEwNjE5YjM3OThhYTA2OGMwNDY4MzRhNDFlMTM3MDc3ZjI3MmQ4Nzp7Il9hdXRoX3VzZXJfaGFzaCI6ImRhMDY4OTA1OTc0YmIxZDY4YzQzOWEyZTg3NWYyNTFmZGYxYmEzMDciLCJfYXV0aF91c2VyX2JhY2tlbmQiOiJkamFuZ28uY29udHJpYi5hdXRoLmJhY2tlbmRzLk1vZGVsQmFja2VuZCIsIl9hdXRoX3VzZXJfaWQiOjF9"}, "model": "sessions.session", "pk": "napjgr7z9j291xt16ndztfvpa1ritd9x"}, {"fields": {"expire_date": "2014-06-23T22:07:02.424Z", "session_data": "N2M5NTdlY2Y1YTFhYjNhZmQ4OTk5ZDQ1YmI1YjgzNWY1ZTFiNjgyMjp7Il9hdXRoX3VzZXJfaGFzaCI6Ijk3M2RjZTVmY2JiNjNmYjZkYzk2Njc1ZTUxY2Q2ZTdjMTAwOGNmYjgiLCJfYXV0aF91c2VyX2JhY2tlbmQiOiJkamFuZ28uY29udHJpYi5hdXRoLmJhY2tlbmRzLk1vZGVsQmFja2VuZCIsIl9hdXRoX3VzZXJfaWQiOjJ9"}, "model": "sessions.session", "pk": "o38pyyky3vwdn7d9mlxoq8cwvozwhrk7"}, {"fields": {"expire_date": "2014-05-14T14:52:03.696Z", "session_data": "ZTdkYWFhODNmOTA4MzgwMzUxNzFjNWQ3NGQ4MzE3NjIxYmE3MWIzYTp7Il9hdXRoX3VzZXJfaGFzaCI6IjExMDBmNTFkNDQwNDc2NjM5NGU2YTZjM2QxMGVlN2ZkMzQ2Zjk2NDciLCJfYXV0aF91c2VyX2JhY2tlbmQiOiJkamFuZ28uY29udHJpYi5hdXRoLmJhY2tlbmRzLk1vZGVsQmFja2VuZCIsIl9hdXRoX3VzZXJfaWQiOjJ9"}, "model": "sessions.session", "pk": "wt2ezx5pjfa0z0s1zyxnybg2ommvkgou"}, {"fields": {"order_date": null, "state": "CU", "create_date": "2014-04-30", "completion_date": null}, "model": "gestion_commandes.order", "pk": 1}, {"fields": {"name": "Cellules"}, "model": "gestion_produits.category", "pk": 1}, {"fields": {"name": "Produits chimiques"}, "model": "gestion_produits.category", "pk": 2}, {"fields": {"name": "Animaux "}, "model": "gestion_produits.category", "pk": 3}, {"fields": {"website": null, "adress": "", "name": "ATCC LGC standards"}, "model": "gestion_produits.supplier", "pk": 1}, {"fields": {"website": null, "adress": "", "name": "Bethyl laboratories"}, "model": "gestion_produits.supplier", "pk": 2}, {"fields": {"website": null, "adress": "", "name": "Cryo'ice"}, "model": "gestion_produits.supplier", "pk": 3}, {"fields": {"website": null, "adress": "", "name": "Dow Corning"}, "model": "gestion_produits.supplier", "pk": 4}, {"fields": {"website": null, "adress": "", "name": "dustcher"}, "model": "gestion_produits.supplier", "pk": 5}, {"fields": {"website": null, "adress": "", "name": "Fisher"}, "model": "gestion_produits.supplier", "pk": 6}, {"fields": {"website": null, "adress": "", "name": "Fisher Scientific"}, "model": "gestion_produits.supplier", "pk": 7}, {"fields": {"website": null, "adress": "", "name": "Gentaur"}, "model": "gestion_produits.supplier", "pk": 8}, {"fields": {"website": null, "adress": "", "name": "janvier"}, "model": "gestion_produits.supplier", "pk": 9}, {"fields": {"website": null, "adress": "", "name": "Macherey-Nagel"}, "model": "gestion_produits.supplier", "pk": 10}, {"fields": {"website": null, "adress": "", "name": "Oxford instruments"}, "model": "gestion_produits.supplier", "pk": 11}, {"fields": {"website": null, "adress": "", "name": "Pharmingen BD Biosciences"}, "model": "gestion_produits.supplier", "pk": 12}, {"fields": {"website": null, "adress": "", "name": "Pro Forma Gentaur"}, "model": "gestion_produits.supplier", "pk": 13}, {"fields": {"website": null, "adress": "", "name": "Promega"}, "model": "gestion_produits.supplier", "pk": 14}, {"fields": {"website": null, "adress": "", "name": "Roche"}, "model": "gestion_produits.supplier", "pk": 15}, {"fields": {"website": null, "adress": "", "name": "Sigma"}, "model": "gestion_produits.supplier", "pk": 16}, {"fields": {"website": null, "adress": "", "name": "Sorenson"}, "model": "gestion_produits.supplier", "pk": 17}, {"fields": {"website": null, "adress": "", "name": "TEBU BIO (Santa Cruz)"}, "model": "gestion_produits.supplier", "pk": 18}, {"fields": {"website": null, "adress": "", "name": "vwr"}, "model": "gestion_produits.supplier", "pk": 19}, {"fields": {"category": 1, "name": "HepG2/C3A", "stockage_modality": null, "place": "", "current_stock": 0, "supplier": 1, "ref": "ATCC-CRL-10741", "quantity": ""}, "model": "gestion_produits.item", "pk": 1}, {"fields": {"category": 1, "name": "MDCK", "stockage_modality": null, "place": "", "current_stock": 0, "supplier": 1, "ref": "ATCC-CCL-34", "quantity": ""}, "model": "gestion_produits.item", "pk": 2}, {"fields": {"category": 1, "name": "Caco-2", "stockage_modality": null, "place": "", "current_stock": 0, "supplier": 1, "ref": "ATCC-HTB-37", "quantity": ""}, "model": "gestion_produits.item", "pk": 3}, {"fields": {"category": 2, "name": "KIT ELISA QUANTITAION RAT ALBUMINE", "stockage_modality": null, "place": "", "current_stock": 0, "supplier": 2, "ref": "e110-125", "quantity": ""}, "model": "gestion_produits.item", "pk": 4}, {"fields": {"category": 2, "name": "Glace carbonique", "stockage_modality": null, "place": "", "current_stock": 0, "supplier": 3, "ref": "STICK20", "quantity": ""}, "model": "gestion_produits.item", "pk": 5}, {"fields": {"category": 2, "name": "PDMS + Agent r\u00e9ticluant : Sylgard 184 Base/curing agent", "stockage_modality": null, "place": "", "current_stock": 0, "supplier": 4, "ref": "", "quantity": ""}, "model": "gestion_produits.item", "pk": 6}, {"fields": {"category": 2, "name": "seringue terumo  1 ml INSULINE", "stockage_modality": null, "place": "", "current_stock": 0, "supplier": 5, "ref": "50000.0", "quantity": ""}, "model": "gestion_produits.item", "pk": 7}, {"fields": {"category": 2, "name": "plaque 12puits BD falcon", "stockage_modality": null, "place": "", "current_stock": 0, "supplier": 5, "ref": "353043.0", "quantity": ""}, "model": "gestion_produits.item", "pk": 8}, {"fields": {"category": 2, "name": "plaque 6 puits BD falcon", "stockage_modality": null, "place": "", "current_stock": 0, "supplier": 5, "ref": "353046.0", "quantity": ""}, "model": "gestion_produits.item", "pk": 9}, {"fields": {"category": 2, "name": "DMEM/F12 1X wtih L-Glu, 15mM Hepes ", "stockage_modality": null, "place": "", "current_stock": 0, "supplier": 5, "ref": "P04-41250", "quantity": ""}, "model": "gestion_produits.item", "pk": 10}, {"fields": {"category": 3, "name": "plaque 96 puits transparante fond plat + couvercle", "stockage_modality": null, "place": "", "current_stock": 0, "supplier": 5, "ref": "55260.0", "quantity": ""}, "model": "gestion_produits.item", "pk": 11}, {"fields": {"category": 2, "name": "eppendorf 0,5ml", "stockage_modality": null, "place": "", "current_stock": 0, "supplier": 5, "ref": "33283.0", "quantity": ""}, "model": "gestion_produits.item", "pk": 12}, {"fields": {"category": 2, "name": "eppendorf 1,5ml", "stockage_modality": null, "place": "", "current_stock": 0, "supplier": 5, "ref": "33511.0", "quantity": ""}, "model": "gestion_produits.item", "pk": 13}, {"fields": {"category": 2, "name": "eppendorf PCR clean 1,5mL", "stockage_modality": null, "place": "", "current_stock": 0, "supplier": 5, "ref": "33508.0", "quantity": ""}, "model": "gestion_produits.item", "pk": 14}, {"fields": {"category": 2, "name": "eppendorf 2ml", "stockage_modality": null, "place": "", "current_stock": 0, "supplier": 5, "ref": "33297.0", "quantity": ""}, "model": "gestion_produits.item", "pk": 15}, {"fields": {"category": 2, "name": "pipette 1mL", "stockage_modality": null, "place": "", "current_stock": 0, "supplier": 5, "ref": "357521.0", "quantity": ""}, "model": "gestion_produits.item", "pk": 16}, {"fields": {"category": 2, "name": "pipette 2mL", "stockage_modality": null, "place": "", "current_stock": 0, "supplier": 5, "ref": "357507.0", "quantity": ""}, "model": "gestion_produits.item", "pk": 17}, {"fields": {"category": 2, "name": "pipette 5mL", "stockage_modality": null, "place": "", "current_stock": 0, "supplier": 5, "ref": "357543.0", "quantity": ""}, "model": "gestion_produits.item", "pk": 18}, {"fields": {"category": 2, "name": "pipette 10mL", "stockage_modality": null, "place": "", "current_stock": 0, "supplier": 5, "ref": "357551.0", "quantity": ""}, "model": "gestion_produits.item", "pk": 19}, {"fields": {"category": 2, "name": "pipette 25mL", "stockage_modality": null, "place": "", "current_stock": 0, "supplier": 5, "ref": "357535.0", "quantity": ""}, "model": "gestion_produits.item", "pk": 20}, {"fields": {"category": 2, "name": "pointe blanche 10\u00b5l vrac", "stockage_modality": null, "place": "", "current_stock": 0, "supplier": 5, "ref": "037650A", "quantity": ""}, "model": "gestion_produits.item", "pk": 21}, {"fields": {"category": 2, "name": "pointe jaune 200\u00b5l vrac greiner", "stockage_modality": null, "place": "", "current_stock": 0, "supplier": 5, "ref": "700000.0", "quantity": ""}, "model": "gestion_produits.item", "pk": 22}, {"fields": {"category": 2, "name": "pointe fleu 1000\u00b5l vrac greiner", "stockage_modality": null, "place": "", "current_stock": 0, "supplier": 5, "ref": "070005B", "quantity": ""}, "model": "gestion_produits.item", "pk": 23}, {"fields": {"category": 2, "name": "seringue terumo  5mL", "stockage_modality": null, "place": "", "current_stock": 0, "supplier": 5, "ref": "50006.0", "quantity": ""}, "model": "gestion_produits.item", "pk": 24}, {"fields": {"category": 2, "name": "Seringue terumo 10mL", "stockage_modality": null, "place": "", "current_stock": 0, "supplier": 5, "ref": "50008.0", "quantity": ""}, "model": "gestion_produits.item", "pk": 25}, {"fields": {"category": 2, "name": "Seringue terumo 20mL", "stockage_modality": null, "place": "", "current_stock": 0, "supplier": 5, "ref": "50010.0", "quantity": ""}, "model": "gestion_produits.item", "pk": 26}, {"fields": {"category": 2, "name": "T75 BD falcon", "stockage_modality": null, "place": "", "current_stock": 0, "supplier": 5, "ref": "353136.0", "quantity": ""}, "model": "gestion_produits.item", "pk": 27}, {"fields": {"category": 2, "name": "T25 BD falcon", "stockage_modality": null, "place": "", "current_stock": 0, "supplier": 5, "ref": "353109.0", "quantity": ""}, "model": "gestion_produits.item", "pk": 28}, {"fields": {"category": 2, "name": "Falcon culture 50mL greiner sur portoir", "stockage_modality": null, "place": "", "current_stock": 0, "supplier": 5, "ref": "227270.0", "quantity": ""}, "model": "gestion_produits.item", "pk": 29}, {"fields": {"category": 2, "name": "Falcon culture 15mL greiner", "stockage_modality": null, "place": "", "current_stock": 0, "supplier": 5, "ref": "188271.0", "quantity": ""}, "model": "gestion_produits.item", "pk": 30}, {"fields": {"category": 2, "name": "boite de p\u00e9tri  tissue culture 60x15mm BD Falcon", "stockage_modality": null, "place": "", "current_stock": 0, "supplier": 5, "ref": "353004.0", "quantity": ""}, "model": "gestion_produits.item", "pk": 31}, {"fields": {"category": 2, "name": "microplaques 96puits en polypropyl\u00e8ne Nunc noir", "stockage_modality": null, "place": "", "current_stock": 0, "supplier": 5, "ref": "54312.0", "quantity": ""}, "model": "gestion_produits.item", "pk": 32}, {"fields": {"category": 2, "name": "MODULE F16 MAXISORP SEUL Nunc", "stockage_modality": null, "place": "", "current_stock": 0, "supplier": 5, "ref": "5561.0", "quantity": ""}, "model": "gestion_produits.item", "pk": 33}, {"fields": {"category": 2, "name": "Lab-Tek nunc 8 chambres", "stockage_modality": null, "place": "", "current_stock": 0, "supplier": 5, "ref": "55083.0", "quantity": ""}, "model": "gestion_produits.item", "pk": 34}, {"fields": {"category": 2, "name": "Lab-Tek nunc 4 chambres", "stockage_modality": null, "place": "", "current_stock": 0, "supplier": 5, "ref": "55082.0", "quantity": ""}, "model": "gestion_produits.item", "pk": 35}, {"fields": {"category": 2, "name": "gant ecoshield latex T5-6 XS ", "stockage_modality": null, "place": "", "current_stock": 0, "supplier": 5, "ref": "65740.0", "quantity": ""}, "model": "gestion_produits.item", "pk": 36}, {"fields": {"category": 2, "name": "gant ecoshield latex T6-7 S ", "stockage_modality": null, "place": "", "current_stock": 0, "supplier": 5, "ref": "65741.0", "quantity": ""}, "model": "gestion_produits.item", "pk": 37}, {"fields": {"category": 2, "name": "gant ecoshield latex T7-8 M", "stockage_modality": null, "place": "", "current_stock": 0, "supplier": 5, "ref": "65742.0", "quantity": ""}, "model": "gestion_produits.item", "pk": 38}, {"fields": {"category": 2, "name": "gant ecoshield latx T8-9 L", "stockage_modality": null, "place": "", "current_stock": 0, "supplier": 5, "ref": "65743.0", "quantity": ""}, "model": "gestion_produits.item", "pk": 39}, {"fields": {"category": 2, "name": "film aluminium 33cm", "stockage_modality": null, "place": "", "current_stock": 0, "supplier": 5, "ref": "39444.0", "quantity": ""}, "model": "gestion_produits.item", "pk": 40}, {"fields": {"category": 2, "name": "ruban autoclave 50m/19mm", "stockage_modality": null, "place": "", "current_stock": 0, "supplier": 5, "ref": "150260.0", "quantity": ""}, "model": "gestion_produits.item", "pk": 41}, {"fields": {"category": 2, "name": "masque 3plis vert ", "stockage_modality": null, "place": "", "current_stock": 0, "supplier": 5, "ref": "30619.0", "quantity": ""}, "model": "gestion_produits.item", "pk": 42}, {"fields": {"category": 2, "name": "scalpel/ bistouris st\u00e9riles standard n\u00b021", "stockage_modality": null, "place": "", "current_stock": 0, "supplier": 5, "ref": "132621sw", "quantity": ""}, "model": "gestion_produits.item", "pk": 43}, {"fields": {"category": 2, "name": "scalpel/ bistouris st\u00e9riles standard n\u00b023", "stockage_modality": null, "place": "", "current_stock": 0, "supplier": 5, "ref": "132623sw", "quantity": ""}, "model": "gestion_produits.item", "pk": 44}, {"fields": {"category": 2, "name": "lame dd verre 76x26 ", "stockage_modality": null, "place": "", "current_stock": 0, "supplier": 5, "ref": "100000.0", "quantity": ""}, "model": "gestion_produits.item", "pk": 45}, {"fields": {"category": 2, "name": "lamelle couvre objet 22x40", "stockage_modality": null, "place": "", "current_stock": 0, "supplier": 5, "ref": "100046.0", "quantity": ""}, "model": "gestion_produits.item", "pk": 46}, {"fields": {"category": 2, "name": "boite de cong\u00e9lation", "stockage_modality": null, "place": "", "current_stock": 0, "supplier": 5, "ref": "10184.0", "quantity": ""}, "model": "gestion_produits.item", "pk": 47}, {"fields": {"category": 2, "name": "pipetman", "stockage_modality": null, "place": "", "current_stock": 0, "supplier": 5, "ref": "60209.0", "quantity": ""}, "model": "gestion_produits.item", "pk": 48}, {"fields": {"category": 2, "name": "filtre 0,45\u00b5m st\u00e9rile pour pipetman", "stockage_modality": null, "place": "", "current_stock": 0, "supplier": 5, "ref": "4912.0", "quantity": ""}, "model": "gestion_produits.item", "pk": 49}, {"fields": {"category": 2, "name": "micropipette eppendorf 0,5-10\u00b5l", "stockage_modality": null, "place": "", "current_stock": 0, "supplier": 5, "ref": "33018.0", "quantity": ""}, "model": "gestion_produits.item", "pk": 50}, {"fields": {"category": 2, "name": "micropipette eppendorf 20-200\u00b5l", "stockage_modality": null, "place": "", "current_stock": 0, "supplier": 5, "ref": "33005.0", "quantity": ""}, "model": "gestion_produits.item", "pk": 51}, {"fields": {"category": 2, "name": "micropipette eppendorf 100-1000\u00b5l", "stockage_modality": null, "place": "", "current_stock": 0, "supplier": 5, "ref": "33006.0", "quantity": ""}, "model": "gestion_produits.item", "pk": 52}, {"fields": {"category": 2, "name": "portoir pour 80microtubes", "stockage_modality": null, "place": "", "current_stock": 0, "supplier": 5, "ref": "840523.0", "quantity": ""}, "model": "gestion_produits.item", "pk": 53}, {"fields": {"category": 2, "name": "portoir r\u00e9versibles multiface ", "stockage_modality": null, "place": "", "current_stock": 0, "supplier": 5, "ref": "37563.0", "quantity": ""}, "model": "gestion_produits.item", "pk": 54}, {"fields": {"category": 2, "name": "Bo\u00eete pour 100 lames de microscopie bleu", "stockage_modality": null, "place": "", "current_stock": 0, "supplier": 5, "ref": "O37510", "quantity": ""}, "model": "gestion_produits.item", "pk": 55}, {"fields": {"category": 2, "name": "Cuve spectro quartz hellma 6030", "stockage_modality": null, "place": "", "current_stock": 0, "supplier": 5, "ref": "139066.0", "quantity": ""}, "model": "gestion_produits.item", "pk": 56}, {"fields": {"category": 2, "name": "Pointe grande longueur 200 \u00b5l (vrac), 90 mm", "stockage_modality": null, "place": "", "current_stock": 0, "supplier": 5, "ref": "77170.0", "quantity": ""}, "model": "gestion_produits.item", "pk": 57}, {"fields": {"category": 2, "name": "Filtre \u00e0 seringue Millex Millipore pores 0,22 \u00b5m, \u00f8 33 mm, durapore, acrylique, faible absorption prot\u00e9ique, volume max 100ml", "stockage_modality": null, "place": "", "current_stock": 0, "supplier": 5, "ref": "51366.0", "quantity": ""}, "model": "gestion_produits.item", "pk": 58}, {"fields": {"category": 2, "name": "GODET PSTC CONIQUE 0,50ML", "stockage_modality": null, "place": "", "current_stock": 0, "supplier": 6, "ref": "W8886D", "quantity": ""}, "model": "gestion_produits.item", "pk": 59}, {"fields": {"category": 2, "name": "aiguille sterile 19G-1 1,1x25mm (creme)", "stockage_modality": null, "place": "", "current_stock": 0, "supplier": 6, "ref": "W16967", "quantity": ""}, "model": "gestion_produits.item", "pk": 60}, {"fields": {"category": 2, "name": "Williams Med Red ", "stockage_modality": null, "place": "", "current_stock": 0, "supplier": 6, "ref": "W3493L ", "quantity": ""}, "model": "gestion_produits.item", "pk": 61}, {"fields": {"category": 2, "name": "Williams medium blanc", "stockage_modality": null, "place": "", "current_stock": 0, "supplier": 6, "ref": "W241K8 ", "quantity": ""}, "model": "gestion_produits.item", "pk": 62}, {"fields": {"category": 2, "name": "Mem earles (lot de 10)", "stockage_modality": null, "place": "", "current_stock": 0, "supplier": 6, "ref": "W3521C", "quantity": ""}, "model": "gestion_produits.item", "pk": 63}, {"fields": {"category": 2, "name": "Willams + GlutaMAX", "stockage_modality": null, "place": "", "current_stock": 0, "supplier": 6, "ref": "W35246", "quantity": ""}, "model": "gestion_produits.item", "pk": 64}, {"fields": {"category": 2, "name": "HBSS", "stockage_modality": null, "place": "", "current_stock": 0, "supplier": 6, "ref": "W3466X ", "quantity": ""}, "model": "gestion_produits.item", "pk": 65}, {"fields": {"category": 2, "name": "PBS pH 7,4", "stockage_modality": null, "place": "", "current_stock": 0, "supplier": 6, "ref": "W3378C ", "quantity": ""}, "model": "gestion_produits.item", "pk": 66}, {"fields": {"category": 2, "name": "PBS pH7,2", "stockage_modality": null, "place": "", "current_stock": 0, "supplier": 6, "ref": "W34897 ", "quantity": ""}, "model": "gestion_produits.item", "pk": 67}, {"fields": {"category": 2, "name": "Hepatocyte Wash Med", "stockage_modality": null, "place": "", "current_stock": 0, "supplier": 6, "ref": "W34835 ", "quantity": ""}, "model": "gestion_produits.item", "pk": 68}, {"fields": {"category": 2, "name": "DPBS", "stockage_modality": null, "place": "", "current_stock": 0, "supplier": 6, "ref": "W3468W ", "quantity": ""}, "model": "gestion_produits.item", "pk": 69}, {"fields": {"category": 2, "name": "HepatoZYME ", "stockage_modality": null, "place": "", "current_stock": 0, "supplier": 6, "ref": "W34836 ", "quantity": ""}, "model": "gestion_produits.item", "pk": 70}, {"fields": {"category": 2, "name": "MEM Alpha", "stockage_modality": null, "place": "", "current_stock": 0, "supplier": 6, "ref": "W3493R ", "quantity": ""}, "model": "gestion_produits.item", "pk": 71}, {"fields": {"category": 2, "name": "L-Glutamine 200mM 100X", "stockage_modality": null, "place": "", "current_stock": 0, "supplier": 6, "ref": "W3497P", "quantity": ""}, "model": "gestion_produits.item", "pk": 72}, {"fields": {"category": 2, "name": "Sodium pyruvate  100mM ", "stockage_modality": null, "place": "", "current_stock": 0, "supplier": 6, "ref": "W3413D", "quantity": ""}, "model": "gestion_produits.item", "pk": 73}, {"fields": {"category": 2, "name": "Non Ess Amino Acids 100x ", "stockage_modality": null, "place": "", "current_stock": 0, "supplier": 6, "ref": "W3409T", "quantity": ""}, "model": "gestion_produits.item", "pk": 74}, {"fields": {"category": 2, "name": "Penicillin Streptomycin (10 000Units/mL-10 000 \u00b5g/mL)  ", "stockage_modality": null, "place": "", "current_stock": 0, "supplier": 6, "ref": "W3470H ", "quantity": ""}, "model": "gestion_produits.item", "pk": 75}, {"fields": {"category": 2, "name": "Hepes 1M ", "stockage_modality": null, "place": "", "current_stock": 0, "supplier": 6, "ref": "W3479A ", "quantity": ""}, "model": "gestion_produits.item", "pk": 76}, {"fields": {"category": 2, "name": "FBS origin south africa Gibco", "stockage_modality": null, "place": "", "current_stock": 0, "supplier": 6, "ref": "10270-106 code Gibco", "quantity": ""}, "model": "gestion_produits.item", "pk": 77}, {"fields": {"category": 2, "name": "FBS origin France Gibco", "stockage_modality": null, "place": "", "current_stock": 0, "supplier": 6, "ref": "10106-169 code Gibco", "quantity": ""}, "model": "gestion_produits.item", "pk": 78}, {"fields": {"category": 2, "name": "Trypsin EDTA 0,25% Gibco", "stockage_modality": null, "place": "", "current_stock": 0, "supplier": 6, "ref": "W3513C ", "quantity": ""}, "model": "gestion_produits.item", "pk": 79}, {"fields": {"category": 2, "name": "Trypsin 0,25% EDTA ", "stockage_modality": null, "place": "", "current_stock": 0, "supplier": 6, "ref": "W3513C", "quantity": ""}, "model": "gestion_produits.item", "pk": 80}, {"fields": {"category": 2, "name": "Atb antimycotic 100X", "stockage_modality": null, "place": "", "current_stock": 0, "supplier": 6, "ref": "15240-062", "quantity": ""}, "model": "gestion_produits.item", "pk": 81}, {"fields": {"category": 2, "name": "Alamar blue DAL1100", "stockage_modality": null, "place": "", "current_stock": 0, "supplier": 6, "ref": "W4547C", "quantity": ""}, "model": "gestion_produits.item", "pk": 82}, {"fields": {"category": 2, "name": "Alexa fluor goat anti mouse", "stockage_modality": null, "place": "", "current_stock": 0, "supplier": 6, "ref": "3039E", "quantity": ""}, "model": "gestion_produits.item", "pk": 83}, {"fields": {"category": 2, "name": "Ionomycine calcium salt", "stockage_modality": null, "place": "", "current_stock": 0, "supplier": 6, "ref": "I24222", "quantity": ""}, "model": "gestion_produits.item", "pk": 84}, {"fields": {"category": 2, "name": "Calcium calibration buffer kit", "stockage_modality": null, "place": "", "current_stock": 0, "supplier": 6, "ref": "C30008MP", "quantity": ""}, "model": "gestion_produits.item", "pk": 85}, {"fields": {"category": 2, "name": "Gentamicin", "stockage_modality": null, "place": "", "current_stock": 0, "supplier": 6, "ref": "W3479P", "quantity": ""}, "model": "gestion_produits.item", "pk": 86}, {"fields": {"category": 2, "name": "tuyau silicone (blanc-orange) 0,64mm", "stockage_modality": null, "place": "", "current_stock": 0, "supplier": 6, "ref": "W31470 ", "quantity": ""}, "model": "gestion_produits.item", "pk": 87}, {"fields": {"category": 2, "name": "\u00e9crou Luer Lock : Luer femelle 1,6mm", "stockage_modality": null, "place": "", "current_stock": 0, "supplier": 6, "ref": "95960.0", "quantity": ""}, "model": "gestion_produits.item", "pk": 88}, {"fields": {"category": 2, "name": "\u00e9crou Luer PP : bouchon Luer m\u00e2le", "stockage_modality": null, "place": "", "current_stock": 0, "supplier": 6, "ref": "8762B", "quantity": ""}, "model": "gestion_produits.item", "pk": 89}, {"fields": {"category": 2, "name": "\u00e9crou Luer PP : Luer femelle 10-32 UNF m\u00e2le 1,6mm", "stockage_modality": null, "place": "", "current_stock": 0, "supplier": 6, "ref": "8762Y", "quantity": ""}, "model": "gestion_produits.item", "pk": 90}, {"fields": {"category": 2, "name": "raccord PP droit 1,6x1,6mm", "stockage_modality": null, "place": "", "current_stock": 0, "supplier": 6, "ref": "W95901", "quantity": ""}, "model": "gestion_produits.item", "pk": 91}, {"fields": {"category": 2, "name": "raccord PP m\u00e2le 10-30UNF 1,6mm", "stockage_modality": null, "place": "", "current_stock": 0, "supplier": 6, "ref": "W28826", "quantity": ""}, "model": "gestion_produits.item", "pk": 92}, {"fields": {"category": 2, "name": "embout Luer m\u00e2le ", "stockage_modality": null, "place": "", "current_stock": 0, "supplier": 6, "ref": "W95956", "quantity": ""}, "model": "gestion_produits.item", "pk": 93}, {"fields": {"category": 2, "name": "coupleur Luer femelle ", "stockage_modality": null, "place": "", "current_stock": 0, "supplier": 6, "ref": "95963.0", "quantity": ""}, "model": "gestion_produits.item", "pk": 94}, {"fields": {"category": 2, "name": "tube PTFE 20m 0,8x1,6mm", "stockage_modality": null, "place": "", "current_stock": 0, "supplier": 6, "ref": "W24674 ", "quantity": ""}, "model": "gestion_produits.item", "pk": 95}, {"fields": {"category": 2, "name": "Raccord 1,6mm", "stockage_modality": null, "place": "", "current_stock": 0, "supplier": 6, "ref": "W95901", "quantity": ""}, "model": "gestion_produits.item", "pk": 96}, {"fields": {"category": 2, "name": "raccord en T", "stockage_modality": null, "place": "", "current_stock": 0, "supplier": 6, "ref": "W95907", "quantity": ""}, "model": "gestion_produits.item", "pk": 97}, {"fields": {"category": 2, "name": "raccord 1,6x2,3mm", "stockage_modality": null, "place": "", "current_stock": 0, "supplier": 6, "ref": "W95905", "quantity": ""}, "model": "gestion_produits.item", "pk": 98}, {"fields": {"category": 2, "name": "tamis 0,1mm", "stockage_modality": null, "place": "", "current_stock": 0, "supplier": 6, "ref": "W37512", "quantity": ""}, "model": "gestion_produits.item", "pk": 99}, {"fields": {"category": 2, "name": "tamis 0,3mm", "stockage_modality": null, "place": "", "current_stock": 0, "supplier": 6, "ref": "W37727", "quantity": ""}, "model": "gestion_produits.item", "pk": 100}, {"fields": {"category": 2, "name": "tamis 0,4mm", "stockage_modality": null, "place": "", "current_stock": 0, "supplier": 6, "ref": "W37524", "quantity": ""}, "model": "gestion_produits.item", "pk": 101}, {"fields": {"category": 2, "name": "Filtre seringue SFCA 25mm", "stockage_modality": null, "place": "", "current_stock": 0, "supplier": 7, "ref": "W26158", "quantity": ""}, "model": "gestion_produits.item", "pk": 102}, {"fields": {"category": 2, "name": "filtre SFCA 0,45\u00b5m", "stockage_modality": null, "place": "", "current_stock": 0, "supplier": 7, "ref": "W22391", "quantity": ""}, "model": "gestion_produits.item", "pk": 103}, {"fields": {"category": 2, "name": "filtre SFCA 0,2\u00b5m", "stockage_modality": null, "place": "", "current_stock": 0, "supplier": 7, "ref": "W22478", "quantity": ""}, "model": "gestion_produits.item", "pk": 104}, {"fields": {"category": 2, "name": "QuantiChrom\u2122 Urea Assay Kit", "stockage_modality": null, "place": "", "current_stock": 0, "supplier": 8, "ref": "DIUR 500", "quantity": ""}, "model": "gestion_produits.item", "pk": 105}, {"fields": {"category": 2, "name": "6-Carboxy-2',7'-Dichlorodihydrofluorescein Diacetate, Di(Acetoxymethyl Ester)", "stockage_modality": null, "place": "", "current_stock": 0, "supplier": 6, "ref": " C2938 - W3081P", "quantity": ""}, "model": "gestion_produits.item", "pk": 106}, {"fields": {"category": 3, "name": "1 femelle rat SD OFA avec port\u00e9e de 5 ou 10 rats m\u00e2les 13 jours Sprague Dawley RjHan :SD", "stockage_modality": null, "place": "", "current_stock": 0, "supplier": 9, "ref": "avec 5", "quantity": ""}, "model": "gestion_produits.item", "pk": 107}, {"fields": {"category": 3, "name": "Rat m\u00e2le 5 sem", "stockage_modality": null, "place": "", "current_stock": 0, "supplier": 9, "ref": "", "quantity": ""}, "model": "gestion_produits.item", "pk": 108}, {"fields": {"category": 3, "name": "Rat m\u00e2le 3 sem", "stockage_modality": null, "place": "", "current_stock": 0, "supplier": 9, "ref": "", "quantity": ""}, "model": "gestion_produits.item", "pk": 109}, {"fields": {"category": 3, "name": "NucleoSpin RNA XS (50)", "stockage_modality": null, "place": "", "current_stock": 0, "supplier": 10, "ref": "740902-50", "quantity": ""}, "model": "gestion_produits.item", "pk": 110}, {"fields": {"category": 3, "name": "NucleoSpin RNA XS (250)", "stockage_modality": null, "place": "", "current_stock": 0, "supplier": 10, "ref": "740902-250", "quantity": ""}, "model": "gestion_produits.item", "pk": 111}, {"fields": {"category": 3, "name": "Glutaraldhehyde 25%", "stockage_modality": null, "place": "", "current_stock": 0, "supplier": 11, "ref": "R1020", "quantity": ""}, "model": "gestion_produits.item", "pk": 112}, {"fields": {"category": 3, "name": "Paraformaldehyde 16%", "stockage_modality": null, "place": "", "current_stock": 0, "supplier": 11, "ref": "R1026", "quantity": ""}, "model": "gestion_produits.item", "pk": 113}, {"fields": {"category": 3, "name": "Cacodylate de sodium ", "stockage_modality": null, "place": "", "current_stock": 0, "supplier": 11, "ref": "R1104", "quantity": ""}, "model": "gestion_produits.item", "pk": 114}, {"fields": {"category": 3, "name": "Collagen high concentration", "stockage_modality": null, "place": "", "current_stock": 0, "supplier": 12, "ref": "354249.0", "quantity": ""}, "model": "gestion_produits.item", "pk": 115}, {"fields": {"category": 3, "name": "ITS solution + premix ", "stockage_modality": null, "place": "", "current_stock": 0, "supplier": 12, "ref": "354352.0", "quantity": ""}, "model": "gestion_produits.item", "pk": 116}, {"fields": {"category": 3, "name": "BD Matrigel matrix", "stockage_modality": null, "place": "", "current_stock": 0, "supplier": 12, "ref": "356234.0", "quantity": ""}, "model": "gestion_produits.item", "pk": 117}, {"fields": {"category": 3, "name": "BD Matrigel matrix", "stockage_modality": null, "place": "", "current_stock": 0, "supplier": 12, "ref": "354234.0", "quantity": ""}, "model": "gestion_produits.item", "pk": 118}, {"fields": {"category": 3, "name": "Collagen rat tail type 1", "stockage_modality": null, "place": "", "current_stock": 0, "supplier": 12, "ref": "354236.0", "quantity": ""}, "model": "gestion_produits.item", "pk": 119}, {"fields": {"category": 3, "name": "BD cell recovery solution", "stockage_modality": null, "place": "", "current_stock": 0, "supplier": 12, "ref": "354253.0", "quantity": ""}, "model": "gestion_produits.item", "pk": 120}, {"fields": {"category": 3, "name": "Dispase", "stockage_modality": null, "place": "", "current_stock": 0, "supplier": 12, "ref": "354235.0", "quantity": ""}, "model": "gestion_produits.item", "pk": 121}, {"fields": {"category": 3, "name": "Easycoll separating solution, density 1,124 g/ml isoton", "stockage_modality": null, "place": "", "current_stock": 0, "supplier": 13, "ref": "L6143", "quantity": ""}, "model": "gestion_produits.item", "pk": 122}, {"fields": {"category": 3, "name": "CytoTox 96\u00ae Non-Radioactive  Cytotoxicity Assay  ", "stockage_modality": null, "place": "", "current_stock": 0, "supplier": 14, "ref": "G1780", "quantity": ""}, "model": "gestion_produits.item", "pk": 123}, {"fields": {"category": 3, "name": "Fibronectine", "stockage_modality": null, "place": "", "current_stock": 0, "supplier": 15, "ref": "1.10514070001e+11", "quantity": ""}, "model": "gestion_produits.item", "pk": 124}, {"fields": {"category": 3, "name": "Corning Transwell polyester membrane inserts pore size 0,4\u00b5m 12 well", "stockage_modality": null, "place": "", "current_stock": 0, "supplier": 16, "ref": "CLS3460", "quantity": ""}, "model": "gestion_produits.item", "pk": 125}, {"fields": {"category": 3, "name": "Corning Transwell polyester membrane inserts pore size 0,4\u00b5m 6well", "stockage_modality": null, "place": "", "current_stock": 0, "supplier": 16, "ref": "CLS3450", "quantity": ""}, "model": "gestion_produits.item", "pk": 126}, {"fields": {"category": 3, "name": "FSH from human pituitary", "stockage_modality": null, "place": "", "current_stock": 0, "supplier": 16, "ref": "F4021", "quantity": ""}, "model": "gestion_produits.item", "pk": 127}, {"fields": {"category": 3, "name": "BCIP/NBT liquide substrate system", "stockage_modality": null, "place": "", "current_stock": 0, "supplier": 16, "ref": "B1911", "quantity": ""}, "model": "gestion_produits.item", "pk": 128}, {"fields": {"category": 3, "name": "jaune lucifer dilithium", "stockage_modality": null, "place": "", "current_stock": 0, "supplier": 16, "ref": "L0259-25mg", "quantity": ""}, "model": "gestion_produits.item", "pk": 129}, {"fields": {"category": 3, "name": "Resorufin ether ethyl, for fluorescence", "stockage_modality": null, "place": "", "current_stock": 0, "supplier": 16, "ref": "46121-5MG-F", "quantity": ""}, "model": "gestion_produits.item", "pk": 130}, {"fields": {"category": 3, "name": "Kit Glutamine and glutamate determination ", "stockage_modality": null, "place": "", "current_stock": 0, "supplier": 16, "ref": "GLN1-1KT", "quantity": ""}, "model": "gestion_produits.item", "pk": 131}, {"fields": {"category": 3, "name": "Phenolbarbital sodium salt", "stockage_modality": null, "place": "", "current_stock": 0, "supplier": 16, "ref": "P5178", "quantity": ""}, "model": "gestion_produits.item", "pk": 132}, {"fields": {"category": 3, "name": "1,3-Dinitobenzene", "stockage_modality": null, "place": "", "current_stock": 0, "supplier": 16, "ref": "D194255", "quantity": ""}, "model": "gestion_produits.item", "pk": 133}, {"fields": {"category": 3, "name": "3-Nitroaniline", "stockage_modality": null, "place": "", "current_stock": 0, "supplier": 16, "ref": "N9829", "quantity": ""}, "model": "gestion_produits.item", "pk": 134}, {"fields": {"category": 3, "name": "DDT", "stockage_modality": null, "place": "", "current_stock": 0, "supplier": 16, "ref": "PS74", "quantity": ""}, "model": "gestion_produits.item", "pk": 135}, {"fields": {"category": 3, "name": "4-4' DDT", "stockage_modality": null, "place": "", "current_stock": 0, "supplier": 16, "ref": "31041.0", "quantity": ""}, "model": "gestion_produits.item", "pk": 136}, {"fields": {"category": 3, "name": "1,1-Dichloro-2,2-bis", "stockage_modality": null, "place": "", "current_stock": 0, "supplier": 16, "ref": "123897.0", "quantity": ""}, "model": "gestion_produits.item", "pk": 137}, {"fields": {"category": 3, "name": "Permethrin", "stockage_modality": null, "place": "", "current_stock": 0, "supplier": 16, "ref": "45614.0", "quantity": ""}, "model": "gestion_produits.item", "pk": 138}, {"fields": {"category": 3, "name": "3-Phenoxybenzoic acid", "stockage_modality": null, "place": "", "current_stock": 0, "supplier": 16, "ref": "190276.0", "quantity": ""}, "model": "gestion_produits.item", "pk": 139}, {"fields": {"category": 3, "name": "Collag\u00e9nase crude type IA cell culture", "stockage_modality": null, "place": "", "current_stock": 0, "supplier": 16, "ref": "C2674", "quantity": ""}, "model": "gestion_produits.item", "pk": 140}, {"fields": {"category": 3, "name": "Deoxyribonucl\u00e9ase I type II from bovine", "stockage_modality": null, "place": "", "current_stock": 0, "supplier": 16, "ref": "D4527-10KU", "quantity": ""}, "model": "gestion_produits.item", "pk": 141}, {"fields": {"category": 3, "name": "Trypsin inhibitor solution", "stockage_modality": null, "place": "", "current_stock": 0, "supplier": 16, "ref": "T6414", "quantity": ""}, "model": "gestion_produits.item", "pk": 142}, {"fields": {"category": 3, "name": "Methanol ", "stockage_modality": null, "place": "", "current_stock": 0, "supplier": 16, "ref": "322415.0", "quantity": ""}, "model": "gestion_produits.item", "pk": 143}, {"fields": {"category": 3, "name": "Phenol", "stockage_modality": null, "place": "", "current_stock": 0, "supplier": 16, "ref": "P5566", "quantity": ""}, "model": "gestion_produits.item", "pk": 144}, {"fields": {"category": 3, "name": "Benzyl ", "stockage_modality": null, "place": "", "current_stock": 0, "supplier": 16, "ref": "24122.0", "quantity": ""}, "model": "gestion_produits.item", "pk": 145}, {"fields": {"category": 3, "name": "Hydroquinone", "stockage_modality": null, "place": "", "current_stock": 0, "supplier": 16, "ref": "H9003", "quantity": ""}, "model": "gestion_produits.item", "pk": 146}, {"fields": {"category": 3, "name": "Phenylethanol 98%", "stockage_modality": null, "place": "", "current_stock": 0, "supplier": 16, "ref": "P13800", "quantity": ""}, "model": "gestion_produits.item", "pk": 147}, {"fields": {"category": 3, "name": "TMRE", "stockage_modality": null, "place": "", "current_stock": 0, "supplier": 16, "ref": "87917.0", "quantity": ""}, "model": "gestion_produits.item", "pk": 148}, {"fields": {"category": 3, "name": "Hoechst 33342", "stockage_modality": null, "place": "", "current_stock": 0, "supplier": 16, "ref": "14533.0", "quantity": ""}, "model": "gestion_produits.item", "pk": 149}, {"fields": {"category": 3, "name": "Lucifer Yellow", "stockage_modality": null, "place": "", "current_stock": 0, "supplier": 16, "ref": "L0144", "quantity": ""}, "model": "gestion_produits.item", "pk": 150}, {"fields": {"category": 3, "name": "Rhodamine 123", "stockage_modality": null, "place": "", "current_stock": 0, "supplier": 16, "ref": "R8004", "quantity": ""}, "model": "gestion_produits.item", "pk": 151}, {"fields": {"category": 3, "name": "Propidium iodide", "stockage_modality": null, "place": "", "current_stock": 0, "supplier": 16, "ref": "P4170", "quantity": ""}, "model": "gestion_produits.item", "pk": 152}, {"fields": {"category": 3, "name": "Methylbenzyl", "stockage_modality": null, "place": "", "current_stock": 0, "supplier": 16, "ref": "188212.0", "quantity": ""}, "model": "gestion_produits.item", "pk": 153}, {"fields": {"category": 2, "name": "multiplex round tips sterile 1-200\u00b5l , 0.57 mm O.D for SDS page, lenght 83 mm", "stockage_modality": null, "place": "", "current_stock": 0, "supplier": 17, "ref": "13810.0", "quantity": ""}, "model": "gestion_produits.item", "pk": 154}, {"fields": {"category": 3, "name": "Ac anti Connexine 43 rabbit Pc", "stockage_modality": null, "place": "", "current_stock": 0, "supplier": 18, "ref": "036SC-9059", "quantity": ""}, "model": "gestion_produits.item", "pk": 155}, {"fields": {"category": 3, "name": "Methoxyresorufin", "stockage_modality": null, "place": "", "current_stock": 0, "supplier": 18, "ref": "8985707.0", "quantity": ""}, "model": "gestion_produits.item", "pk": 156}, {"fields": {"category": 3, "name": "Benzyloxyresorufin", "stockage_modality": null, "place": "", "current_stock": 0, "supplier": 18, "ref": "8985726.0", "quantity": ""}, "model": "gestion_produits.item", "pk": 157}, {"fields": {"category": 3, "name": "plaque 96puits BD falcon", "stockage_modality": null, "place": "", "current_stock": 0, "supplier": 19, "ref": "734-0023", "quantity": ""}, "model": "gestion_produits.item", "pk": 158}, {"fields": {"category": 3, "name": "plaque 48puits BD falcon", "stockage_modality": null, "place": "", "current_stock": 0, "supplier": 19, "ref": "734-0028", "quantity": ""}, "model": "gestion_produits.item", "pk": 159}, {"fields": {"category": 3, "name": "plaque 12puits BD falcon", "stockage_modality": null, "place": "", "current_stock": 0, "supplier": 19, "ref": "734-0006", "quantity": ""}, "model": "gestion_produits.item", "pk": 160}, {"fields": {"category": 3, "name": "plaque 6 puits BD falcon", "stockage_modality": null, "place": "", "current_stock": 0, "supplier": 19, "ref": "734-0019", "quantity": ""}, "model": "gestion_produits.item", "pk": 161}, {"fields": {"category": 3, "name": "Percoll densit\u00e9 1,124", "stockage_modality": null, "place": "", "current_stock": 0, "supplier": 19, "ref": "5527801.0", "quantity": ""}, "model": "gestion_produits.item", "pk": 162}, {"fields": {"category": 3, "name": "cellule de malassez ", "stockage_modality": null, "place": "", "current_stock": 0, "supplier": 19, "ref": "mari0640610", "quantity": ""}, "model": "gestion_produits.item", "pk": 163}, {"fields": {"category": 3, "name": "filtre 0,2\u00b5m st\u00e9rile pour pipetman, cellulose acteta", "stockage_modality": null, "place": "", "current_stock": 0, "supplier": 19, "ref": "514-0061", "quantity": ""}, "model": "gestion_produits.item", "pk": 164}, {"fields": {"codename": "add_logentry", "name": "Can add log entry", "content_type": 1}, "model": "auth.permission", "pk": 1}, {"fields": {"codename": "change_logentry", "name": "Can change log entry", "content_type": 1}, "model": "auth.permission", "pk": 2}, {"fields": {"codename": "delete_logentry", "name": "Can delete log entry", "content_type": 1}, "model": "auth.permission", "pk": 3}, {"fields": {"codename": "add_permission", "name": "Can add permission", "content_type": 2}, "model": "auth.permission", "pk": 4}, {"fields": {"codename": "change_permission", "name": "Can change permission", "content_type": 2}, "model": "auth.permission", "pk": 5}, {"fields": {"codename": "delete_permission", "name": "Can delete permission", "content_type": 2}, "model": "auth.permission", "pk": 6}, {"fields": {"codename": "add_group", "name": "Can add group", "content_type": 3}, "model": "auth.permission", "pk": 7}, {"fields": {"codename": "change_group", "name": "Can change group", "content_type": 3}, "model": "auth.permission", "pk": 8}, {"fields": {"codename": "delete_group", "name": "Can delete group", "content_type": 3}, "model": "auth.permission", "pk": 9}, {"fields": {"codename": "add_user", "name": "Can add user", "content_type": 4}, "model": "auth.permission", "pk": 10}, {"fields": {"codename": "change_user", "name": "Can change user", "content_type": 4}, "model": "auth.permission", "pk": 11}, {"fields": {"codename": "delete_user", "name": "Can delete user", "content_type": 4}, "model": "auth.permission", "pk": 12}, {"fields": {"codename": "add_contenttype", "name": "Can add content type", "content_type": 5}, "model": "auth.permission", "pk": 13}, {"fields": {"codename": "change_contenttype", "name": "Can change content type", "content_type": 5}, "model": "auth.permission", "pk": 14}, {"fields": {"codename": "delete_contenttype", "name": "Can delete content type", "content_type": 5}, "model": "auth.permission", "pk": 15}, {"fields": {"codename": "add_session", "name": "Can add session", "content_type": 6}, "model": "auth.permission", "pk": 16}, {"fields": {"codename": "change_session", "name": "Can change session", "content_type": 6}, "model": "auth.permission", "pk": 17}, {"fields": {"codename": "delete_session", "name": "Can delete session", "content_type": 6}, "model": "auth.permission", "pk": 18}, {"fields": {"codename": "add_category", "name": "Can add Cat\u00e9gorie", "content_type": 7}, "model": "auth.permission", "pk": 19}, {"fields": {"codename": "change_category", "name": "Can change Cat\u00e9gorie", "content_type": 7}, "model": "auth.permission", "pk": 20}, {"fields": {"codename": "delete_category", "name": "Can delete Cat\u00e9gorie", "content_type": 7}, "model": "auth.permission", "pk": 21}, {"fields": {"codename": "add_supplier", "name": "Can add Fournisseur", "content_type": 8}, "model": "auth.permission", "pk": 22}, {"fields": {"codename": "change_supplier", "name": "Can change Fournisseur", "content_type": 8}, "model": "auth.permission", "pk": 23}, {"fields": {"codename": "delete_supplier", "name": "Can delete Fournisseur", "content_type": 8}, "model": "auth.permission", "pk": 24}, {"fields": {"codename": "add_item", "name": "Can add produit", "content_type": 9}, "model": "auth.permission", "pk": 25}, {"fields": {"codename": "change_item", "name": "Can change produit", "content_type": 9}, "model": "auth.permission", "pk": 26}, {"fields": {"codename": "delete_item", "name": "Can delete produit", "content_type": 9}, "model": "auth.permission", "pk": 27}, {"fields": {"codename": "add_order", "name": "Can add Validation des commande", "content_type": 10}, "model": "auth.permission", "pk": 28}, {"fields": {"codename": "change_order", "name": "Can change Validation des commande", "content_type": 10}, "model": "auth.permission", "pk": 29}, {"fields": {"codename": "delete_order", "name": "Can delete Validation des commande", "content_type": 10}, "model": "auth.permission", "pk": 30}, {"fields": {"codename": "add_orderitems", "name": "Can add Commande de produit", "content_type": 11}, "model": "auth.permission", "pk": 31}, {"fields": {"codename": "change_orderitems", "name": "Can change Commande de produit", "content_type": 11}, "model": "auth.permission", "pk": 32}, {"fields": {"codename": "delete_orderitems", "name": "Can delete Commande de produit", "content_type": 11}, "model": "auth.permission", "pk": 33}, {"fields": {"codename": "add_order", "name": "Can add Validation des commande", "content_type": 12}, "model": "auth.permission", "pk": 34}, {"fields": {"codename": "change_order", "name": "Can change Validation des commande", "content_type": 12}, "model": "auth.permission", "pk": 35}, {"fields": {"codename": "delete_order", "name": "Can delete Validation des commande", "content_type": 12}, "model": "auth.permission", "pk": 36}, {"fields": {"codename": "add_orderitems", "name": "Can add Commande de produit", "content_type": 13}, "model": "auth.permission", "pk": 37}, {"fields": {"codename": "change_orderitems", "name": "Can change Commande de produit", "content_type": 13}, "model": "auth.permission", "pk": 38}, {"fields": {"codename": "delete_orderitems", "name": "Can delete Commande de produit", "content_type": 13}, "model": "auth.permission", "pk": 39}, {"fields": {"codename": "add_category", "name": "Can add Cat\u00e9gorie", "content_type": 14}, "model": "auth.permission", "pk": 40}, {"fields": {"codename": "change_category", "name": "Can change Cat\u00e9gorie", "content_type": 14}, "model": "auth.permission", "pk": 41}, {"fields": {"codename": "delete_category", "name": "Can delete Cat\u00e9gorie", "content_type": 14}, "model": "auth.permission", "pk": 42}, {"fields": {"codename": "add_supplier", "name": "Can add Fournisseur", "content_type": 15}, "model": "auth.permission", "pk": 43}, {"fields": {"codename": "change_supplier", "name": "Can change Fournisseur", "content_type": 15}, "model": "auth.permission", "pk": 44}, {"fields": {"codename": "delete_supplier", "name": "Can delete Fournisseur", "content_type": 15}, "model": "auth.permission", "pk": 45}, {"fields": {"codename": "add_item", "name": "Can add produit", "content_type": 16}, "model": "auth.permission", "pk": 46}, {"fields": {"codename": "change_item", "name": "Can change produit", "content_type": 16}, "model": "auth.permission", "pk": 47}, {"fields": {"codename": "delete_item", "name": "Can delete produit", "content_type": 16}, "model": "auth.permission", "pk": 48}, {"fields": {"name": "utilisateurs", "permissions": [2, 37, 38, 40, 41, 46, 47, 43, 44]}, "model": "auth.group", "pk": 1}, {"fields": {"name": "responsables commandes", "permissions": [2, 10, 11, 12, 35, 37, 38, 39, 40, 41, 42, 46, 47, 43, 44]}, "model": "auth.group", "pk": 2}, {"fields": {"username": "admin", "first_name": "", "last_name": "", "is_active": true, "is_superuser": true, "is_staff": true, "last_login": "2014-06-09T21:56:28.203Z", "groups": [], "user_permissions": [], "password": "pbkdf2_sha256$12000$Qw0rWcOkKJKT$h48V25dI1sDXtargJu8CzezCgtykppwDoApwvB9Z3oM=", "email": "moi@crichon.eu", "date_joined": "2014-04-30T12:46:51.544Z"}, "model": "auth.user", "pk": 1}, {"fields": {"username": "Patrick", "first_name": "Patrick", "last_name": "Paullier", "is_active": true, "is_superuser": false, "is_staff": true, "last_login": "2014-06-09T22:07:02.412Z", "groups": [2], "user_permissions": [], "password": "pbkdf2_sha256$12000$LkLDteVB35nK$6xHNKJNY5CUAIHPf4omxT6HHGHsytH0xcAn8iOeS6hY=", "email": "patrick.paullier@utc.fr", "date_joined": "2014-04-30T14:47:37Z"}, "model": "auth.user", "pk": 2}, {"fields": {"username": "Murielle", "first_name": "Murielle", "last_name": "Dufresne", "is_active": true, "is_superuser": false, "is_staff": true, "last_login": "2014-06-03T10:14:37.880Z", "groups": [1], "user_permissions": [], "password": "pbkdf2_sha256$12000$fR8Y1m6b9lga$6B/6AKbzWWyjnanReHA/HevNcoo5NfQSk1+Yehn7swM=", "email": "murielle.dufresne@utc.fr", "date_joined": "2014-04-30T14:49:05Z"}, "model": "auth.user", "pk": 3}, {"fields": {"username": "Thimotee", "first_name": "Timothee", "last_name": "Baudequin", "is_active": true, "is_superuser": false, "is_staff": true, "last_login": "2014-04-30T14:50:35Z", "groups": [1], "user_permissions": [], "password": "pbkdf2_sha256$12000$MCQ5bti1irgi$49kCcVg2GNIezEhAghm9RsvXEMQnzrXo24Va0Rnxdlk=", "email": "timothee.baudequin@utc.fr", "date_joined": "2014-04-30T14:50:35Z"}, "model": "auth.user", "pk": 4}, {"fields": {"username": "tous", "first_name": "", "last_name": "", "is_active": true, "is_superuser": false, "is_staff": false, "last_login": "2014-04-30T15:21:00Z", "groups": [], "user_permissions": [], "password": "pbkdf2_sha256$12000$lZpGkls4sYmL$aLTrkTkORmln8ms1IiZX1FlP8mz9cDohnb7x3RTEhKg=", "email": "", "date_joined": "2014-04-30T15:21:00Z"}, "model": "auth.user", "pk": 5}]